Transaction_ID,Date,Region,Employee_ID,Employee_Name,Product_Category,Product_Subcategory,Product_Price,Units_Sold,Discount_Applied,Employee_Performance_Score,Return_Status,Revenue
1,2024-10-09,East,101,Anthony Wilson,Clothing,Smartphones,293,3,15,6,No,747.15
2,2024-06-09,West,103,Anne Ho,Clothing,Tables,339,8,25,10,No,2034
3,2024-04-09,North,118,Katelyn Parker,Appliances,Laptops,357,4,20,8,No,1142.4
4,2024-04-11,East,110,Adam Watkins,Furniture,Smartphones,385,2,0,3,No,770
5,2024-11-17,East,103,Rebecca Johnson,Appliances,Washing Machines,514,2,0,10,No,1028
6,2024-09-03,West,108,Jack Brown,Electronics,Smartphones,626,1,25,1,No,469.5
7,2023-12-23,North,114,Dana Jackson,Appliances,Tables,185,4,15,9,Yes,629
8,2024-04-06,North,118,Laura Perez,Electronics,Laptops,563,9,15,1,No,4306.95
9,2024-05-04,East,115,Emily Armstrong,Appliances,Sofas,30,7,10,3,No,189
10,2024-12-14,South,102,Barbara Heath,Furniture,Washing Machines,320,7,25,8,No,1680
11,2024-01-27,East,110,Elizabeth Macias,Electronics,Laptops,748,7,25,3,No,3927
12,2024-06-25,East,102,Sandra Butler,Clothing,Tables,820,8,15,4,No,5576
13,2024-02-17,East,117,Nicholas Webb,Clothing,Washing Machines,121,1,10,8,No,108.9
14,2024-08-17,East,108,Beverly Mccarty,Appliances,T-Shirts,444,8,0,1,Yes,3552
15,2024-08-25,West,101,Connie Mcfarland,Clothing,Smartphones,411,4,5,6,No,1561.8
16,2024-07-31,North,109,Michael Benton,Electronics,Tables,798,4,20,1,No,2553.6
17,2024-06-10,West,111,Jermaine Lee,Clothing,T-Shirts,233,4,0,1,No,932
18,2024-04-22,West,116,Jacob Barnes,Furniture,Laptops,710,6,15,8,No,3621
19,2024-09-12,West,107,Christian Bradshaw,Furniture,Sofas,107,7,20,4,No,599.2
20,2024-12-15,East,110,Krista Jenkins,Appliances,Washing Machines,572,6,5,1,No,3260.4
21,2024-09-16,South,103,Megan Terrell,Electronics,Smartphones,420,1,5,10,No,399
22,2024-11-10,North,118,Jacob Martin,Furniture,Washing Machines,607,8,10,7,No,4370.4
23,2024-08-18,South,113,Kristen Woods,Furniture,Laptops,908,7,20,5,Yes,5084.8
24,2024-10-01,West,107,Joseph Hudson,Electronics,Washing Machines,65,6,10,5,No,351
25,2024-06-05,West,104,Katie King,Clothing,Smartphones,691,6,0,1,No,4146
26,2024-03-14,South,113,Michael Mayer,Clothing,Laptops,482,5,25,10,No,1807.5
27,2024-12-14,South,101,Catherine Pena,Appliances,Washing Machines,611,6,25,6,No,2749.5
28,2024-10-13,South,108,James Smith,Clothing,Sofas,329,9,25,9,No,2220.75
29,2024-04-17,West,114,Courtney Miller,Electronics,Tables,105,9,20,9,No,756
30,2024-05-31,West,116,Danielle Johnson,Furniture,Laptops,111,8,25,8,No,666
31,2024-09-16,North,114,Margaret Cohen,Clothing,Tables,679,9,0,5,No,6111
32,2024-01-30,North,112,Bruce Hughes,Appliances,Laptops,692,8,10,1,No,4982.4
33,2024-07-13,West,119,Alejandro Velez,Clothing,Sofas,733,8,20,9,No,4691.2
34,2024-03-01,South,115,Alan Bradley,Electronics,Tables,955,1,10,1,No,859.5
35,2024-07-11,South,102,Ronald Chen,Appliances,T-Shirts,947,5,20,8,No,3788
36,2024-06-01,North,102,Julie White,Clothing,Smartphones,261,4,10,5,No,939.6
37,2024-03-20,West,119,Adam Collins,Appliances,T-Shirts,884,2,5,3,No,1679.6
38,2024-09-08,North,117,Timothy Larson,Electronics,Washing Machines,21,8,10,7,No,151.2
39,2024-10-31,North,110,Jason Chandler,Furniture,Sofas,244,3,25,7,No,549
40,2024-11-21,East,106,Caitlin Walsh,Electronics,T-Shirts,820,4,5,9,No,3116
41,2024-01-22,East,115,Ryan Patel,Electronics,Laptops,764,7,10,7,No,4813.2
42,2024-07-16,East,111,Clifford Lambert,Electronics,Washing Machines,992,9,20,3,No,7142.4
43,2024-07-30,South,105,Jamie Green MD,Electronics,Washing Machines,945,2,20,1,No,1512
44,2024-10-19,West,101,Anthony Alexander,Furniture,T-Shirts,948,3,20,8,No,2275.2
45,2024-03-30,West,108,Patrick Garner,Furniture,T-Shirts,608,4,15,3,No,2067.2
46,2024-02-07,West,112,Thomas Stanton,Appliances,Sofas,135,1,0,8,No,135
47,2024-11-30,West,112,Jessica Schmitt,Clothing,Smartphones,685,7,20,8,No,3836
48,2024-01-31,East,105,Blake King,Furniture,T-Shirts,937,2,5,5,No,1780.3
49,2024-12-13,South,107,Ashley Shaw,Furniture,T-Shirts,122,5,20,1,No,488
50,2024-08-05,South,104,Rachel Hanson,Clothing,Tables,213,1,15,10,Yes,181.05
51,2024-01-02,East,106,William Chapman,Furniture,Laptops,185,3,25,7,No,416.25
52,2024-12-01,South,113,Rhonda Morrow,Electronics,Tables,890,2,5,10,No,1691
53,2024-09-10,East,115,Kristina Griffin,Electronics,Tables,109,1,15,5,No,92.65
54,2024-06-03,West,103,James Huffman,Clothing,Washing Machines,705,7,25,8,No,3701.25
55,2024-11-22,East,108,Steven Fuentes,Appliances,Smartphones,141,5,5,9,No,669.75
56,2024-11-09,West,116,Andrew Davis,Appliances,Laptops,162,1,10,7,No,145.8
57,2024-05-16,West,113,Christopher Richards,Clothing,Sofas,125,6,0,7,No,750
58,2024-07-08,North,118,Patrick Vega,Clothing,Sofas,906,5,0,1,No,4530
59,2024-09-07,East,110,Jesus Harrison,Electronics,T-Shirts,447,3,15,4,No,1139.85
60,2024-03-09,North,119,Heather Terry,Appliances,T-Shirts,324,7,25,2,No,1701
61,2024-02-16,East,117,Paul Hinton,Furniture,Sofas,891,9,0,2,No,8019
62,2023-12-27,East,119,Shelby Hall,Electronics,T-Shirts,990,9,25,2,No,6682.5
63,2023-12-31,North,105,Barbara King,Clothing,Smartphones,336,9,25,4,No,2268
64,2024-07-07,North,109,Vanessa Swanson,Appliances,Tables,982,2,15,1,No,1669.4
65,2024-06-05,East,112,Richard Rogers,Furniture,T-Shirts,654,3,15,4,No,1667.7
66,2024-11-15,South,101,Max Johnson,Furniture,Washing Machines,921,7,15,2,No,5479.95
67,2024-06-19,West,101,Robert Lopez,Electronics,T-Shirts,28,5,0,5,No,140
68,2024-11-05,North,115,Jeremy Cannon,Appliances,Laptops,793,2,15,3,No,1348.1
69,2024-04-23,West,102,Joseph Cole,Appliances,Smartphones,92,3,0,8,No,276
70,2024-06-28,South,116,Denise Roy,Clothing,Laptops,378,6,15,4,No,1927.8
71,2024-11-15,South,108,Joseph Richards,Appliances,Laptops,242,7,20,1,No,1355.2
72,2024-05-08,South,113,Lauren Boyd,Appliances,Washing Machines,435,9,25,1,No,2936.25
73,2024-06-20,North,101,Julie Walsh,Electronics,Smartphones,572,1,15,10,No,486.2
74,2024-12-10,South,116,Sharon Alvarez,Appliances,Smartphones,389,7,5,3,No,2586.85
75,2024-03-30,North,107,Nancy Coffey,Furniture,Smartphones,735,8,25,9,No,4410
76,2024-11-23,South,105,Amanda Johnson,Electronics,Smartphones,283,3,25,7,No,636.75
77,2024-06-10,West,103,Ariel Perry,Electronics,Smartphones,859,4,15,2,Yes,2920.6
78,2024-11-24,West,112,Scott Rios,Clothing,Washing Machines,709,6,10,9,No,3828.6
79,2024-08-19,East,116,Emma Dunn MD,Appliances,T-Shirts,879,7,15,10,No,5230.05
80,2024-12-13,West,119,Jesus Andrews,Clothing,Laptops,337,4,25,2,No,1011
81,2024-11-12,East,105,Nathan Woods,Furniture,Smartphones,103,8,5,3,No,782.8
82,2024-11-15,West,114,Brian Porter,Electronics,T-Shirts,337,5,25,10,No,1263.75
83,2024-11-13,North,105,Sarah Kim,Electronics,T-Shirts,130,1,5,2,Yes,123.5
84,2024-07-07,West,115,Herbert Fisher,Electronics,Laptops,270,4,0,3,No,1080
85,2024-12-08,East,117,Janice Acevedo,Furniture,Washing Machines,402,3,20,6,No,964.8
86,2024-02-14,East,114,Linda Oconnell,Furniture,Sofas,26,9,25,9,No,175.5
87,2024-04-22,South,105,Crystal Walker,Clothing,Sofas,478,8,15,9,No,3250.4
88,2024-11-21,North,112,Valerie Johnson,Clothing,T-Shirts,103,1,0,7,No,103
89,2024-02-14,West,116,Julia Sanders,Clothing,Tables,227,6,20,3,No,1089.6
90,2024-10-14,South,116,Tony Hart,Appliances,Tables,919,9,15,4,No,7030.35
91,2024-07-29,West,107,Thomas Evans,Electronics,Laptops,409,7,10,6,No,2576.7
92,2023-12-27,West,104,Joseph Garcia,Electronics,Sofas,333,4,15,5,No,1132.2
93,2024-02-03,South,101,Reginald Green,Clothing,T-Shirts,41,1,5,2,No,38.95
94,2024-06-26,South,105,Daniel Rivera,Electronics,Washing Machines,429,2,5,6,No,815.1
95,2024-10-31,South,110,Melissa Smith,Clothing,Sofas,914,5,10,3,No,4113
96,2024-06-19,South,105,Monique Burnett,Appliances,T-Shirts,534,5,0,8,No,2670
97,2024-09-24,South,104,James Cortez,Appliances,T-Shirts,146,8,20,2,No,934.4
98,2024-02-29,West,102,Denise Parker,Furniture,Smartphones,828,6,15,1,No,4222.8
99,2024-02-19,South,110,Ryan Quinn,Appliances,Washing Machines,719,8,5,9,No,5464.4
100,2024-06-06,North,119,Jeffrey Shea,Clothing,Smartphones,893,2,0,3,No,1786
101,2024-05-06,East,101,Kenneth Valdez DDS,Appliances,Laptops,33,3,10,1,No,89.1
102,2024-10-26,South,105,Lisa Patel,Furniture,Smartphones,990,6,25,7,No,4455
103,2024-04-11,South,113,Mary Thompson,Electronics,Smartphones,997,3,5,10,No,2841.45
104,2024-03-22,West,104,Catherine Dunlap,Clothing,Sofas,31,6,10,5,No,167.4
105,2024-02-03,South,116,Curtis Harper,Electronics,Tables,106,6,15,5,No,540.6
106,2024-01-21,South,116,Mary Rios,Furniture,T-Shirts,543,2,20,1,No,868.8
107,2024-06-12,South,102,Lindsey Mejia,Furniture,Washing Machines,928,7,5,9,No,6171.2
108,2024-09-18,West,117,Katelyn Walker,Furniture,Smartphones,556,2,5,7,No,1056.4
109,2024-10-31,South,112,Amber Hopkins,Electronics,Washing Machines,320,6,15,8,No,1632
110,2024-09-21,East,118,Joshua Mcdowell,Electronics,Tables,262,1,25,9,No,196.5
111,2024-01-06,West,103,Carrie Hubbard,Electronics,Tables,141,3,0,6,No,423
112,2024-08-26,East,101,Lisa Garza,Electronics,Smartphones,166,2,20,5,No,265.6
113,2024-09-28,West,101,Patrick Walker,Furniture,Laptops,586,7,5,6,No,3896.9
114,2024-08-18,South,119,Ian Brewer,Furniture,Smartphones,769,4,20,2,No,2460.8
115,2024-07-27,East,111,Lisa Lawrence,Clothing,Sofas,375,8,5,4,No,2850
116,2024-04-20,West,105,Jermaine Schwartz,Clothing,T-Shirts,704,6,20,3,No,3379.2
117,2024-01-18,North,112,Bradley Lopez,Electronics,Laptops,923,4,10,7,Yes,3322.8
118,2024-01-28,South,103,Benjamin Boyd,Appliances,Smartphones,752,5,5,9,Yes,3572
119,2024-02-21,West,101,Nathan Soto,Appliances,Washing Machines,650,9,20,5,No,4680
120,2024-09-02,North,101,Jason Ware,Furniture,Laptops,328,7,0,6,No,2296
121,2024-01-06,West,108,Jennifer Gardner,Furniture,Laptops,714,9,10,10,No,5783.4
122,2024-10-27,North,110,Robert Brown,Furniture,Smartphones,307,7,10,2,No,1934.1
123,2024-02-20,South,111,Melissa Morales,Clothing,Laptops,326,1,0,3,No,326
124,2024-06-15,East,112,Zachary Rodriguez,Clothing,Washing Machines,831,8,20,3,No,5318.4
125,2024-02-15,North,113,Drew Garrett,Furniture,Tables,613,4,15,9,No,2084.2
126,2024-10-30,West,112,Joshua Parsons,Furniture,Laptops,985,3,0,7,No,2955
127,2024-11-17,South,114,Michael Robbins,Furniture,Tables,933,7,20,8,No,5224.8
128,2024-05-08,North,102,Kristen Diaz,Appliances,Washing Machines,742,3,0,10,No,2226
129,2024-12-17,West,119,Elizabeth Arnold,Clothing,Smartphones,681,8,0,9,No,5448
130,2024-02-28,West,118,Brandy Howard,Appliances,T-Shirts,568,6,5,6,No,3237.6
131,2024-08-26,West,103,Denise Morgan,Appliances,Laptops,371,5,20,4,No,1484
132,2024-09-24,North,117,Brandi Dean,Furniture,T-Shirts,331,4,15,1,No,1125.4
133,2024-04-12,North,108,Jacob Horn,Furniture,Washing Machines,892,8,5,8,No,6779.2
134,2024-06-18,North,110,Jaime Tucker,Electronics,Laptops,78,8,0,7,No,624
135,2024-02-28,East,102,Christopher Park,Electronics,Tables,662,1,25,2,No,496.5
136,2024-03-10,North,119,Melissa Haynes,Appliances,Sofas,943,9,0,8,No,8487
137,2024-11-18,North,109,Kevin Casey,Clothing,T-Shirts,733,5,0,5,No,3665
138,2024-04-08,North,107,Mindy Velez,Furniture,Laptops,774,4,20,7,No,2476.8
139,2024-03-08,East,104,Jennifer Jackson,Furniture,T-Shirts,54,6,20,4,No,259.2
140,2024-02-03,North,118,Cristina Jordan,Appliances,Laptops,464,6,5,5,No,2644.8
141,2024-07-14,West,113,Matthew Lester,Electronics,Smartphones,112,2,15,8,No,190.4
142,2024-07-28,North,111,Mr. Joseph Jensen,Clothing,Tables,969,8,5,1,Yes,7364.4
143,2024-12-06,West,104,Michael Dickerson,Electronics,T-Shirts,978,7,10,1,No,6161.4
144,2024-07-18,West,104,Andrew Jackson,Electronics,Sofas,226,1,0,4,No,226
145,2024-06-28,West,110,Robert Ross,Electronics,Sofas,372,5,25,3,No,1395
146,2024-05-10,East,105,Tiffany Cunningham,Electronics,Washing Machines,922,6,0,10,No,5532
147,2024-01-13,East,109,Nicole Sexton,Furniture,Laptops,351,4,0,2,No,1404
148,2024-09-06,East,103,Kristen Jacobs,Furniture,T-Shirts,836,2,5,3,No,1588.4
149,2024-03-04,North,117,Bobby Luna,Electronics,Washing Machines,881,4,25,1,No,2643
150,2024-05-13,West,103,Richard Curry,Clothing,T-Shirts,744,1,25,1,No,558
151,2024-07-20,East,116,Jennifer Jackson,Appliances,Laptops,178,7,25,6,Yes,934.5
152,2024-10-31,East,104,Kayla Acosta,Clothing,Sofas,973,2,5,5,No,1848.7
153,2024-10-22,North,118,Isaac Sharp,Clothing,Smartphones,976,2,0,8,No,1952
154,2024-09-07,East,117,Seth Cook,Clothing,Sofas,43,9,5,2,No,367.65
155,2024-01-07,North,107,Michael Morales,Electronics,Washing Machines,423,5,20,4,No,1692
156,2023-12-25,South,105,Ashley Harris,Furniture,Tables,824,2,20,8,No,1318.4
157,2024-07-20,East,112,Evan Perez,Clothing,Smartphones,535,9,5,6,No,4574.25
158,2024-01-24,South,117,Mary Ramos,Electronics,Washing Machines,751,9,25,1,No,5069.25
159,2024-11-24,North,113,Cody Mosley,Clothing,Laptops,383,1,0,4,No,383
160,2024-11-17,West,103,Andrew Whitaker,Clothing,Smartphones,401,3,5,1,Yes,1142.85
161,2024-03-30,East,109,Shawn Austin,Electronics,Washing Machines,551,4,5,2,Yes,2093.8
162,2024-04-12,North,117,Vincent Pacheco,Furniture,Laptops,975,7,5,5,Yes,6483.75
163,2024-03-03,West,117,April May,Furniture,Sofas,171,4,10,8,No,615.6
164,2024-01-05,West,116,Michael Wood,Appliances,Tables,581,2,20,8,No,929.6
165,2024-02-09,South,113,Jack Travis,Electronics,Laptops,708,7,25,3,No,3717
166,2024-05-05,North,119,Kenneth Moon,Appliances,T-Shirts,966,6,15,4,No,4926.6
167,2024-10-21,West,117,Levi Hernandez,Appliances,Laptops,627,3,25,10,No,1410.75
168,2024-07-25,East,104,Jeffrey Martinez,Appliances,Laptops,636,6,15,6,No,3243.6
169,2024-02-06,East,112,Timothy Hall,Furniture,Tables,439,6,10,10,No,2370.6
170,2024-12-06,South,109,Benjamin Young,Electronics,T-Shirts,269,5,5,3,No,1277.75
171,2024-07-18,West,119,Jasmine Garza,Appliances,Washing Machines,136,4,10,2,No,489.6
172,2024-05-27,North,112,Brian Gonzales,Electronics,Washing Machines,885,1,10,6,No,796.5
173,2024-10-31,East,109,Kristina Salazar,Electronics,Laptops,531,6,0,5,No,3186
174,2024-02-12,West,107,Shannon Wright,Furniture,T-Shirts,759,2,20,10,Yes,1214.4
175,2024-07-23,West,114,John Thomas,Appliances,T-Shirts,597,3,15,5,No,1522.35
176,2024-03-22,South,119,Brandon Oliver,Appliances,Tables,354,8,5,10,No,2690.4
177,2024-02-09,East,115,Anthony Taylor,Electronics,Sofas,437,6,15,5,No,2228.7
178,2024-06-02,East,116,Kyle Harrison,Clothing,Washing Machines,951,3,25,10,No,2139.75
179,2024-02-09,North,105,Erin Phillips,Furniture,Tables,793,7,15,5,No,4718.35
180,2024-09-07,East,103,Peter Mckenzie,Furniture,Smartphones,314,4,25,3,No,942
181,2024-02-13,North,112,William Barajas,Furniture,Washing Machines,957,9,20,7,No,6890.4
182,2024-03-31,East,104,Teresa Jones,Furniture,Tables,774,5,25,6,No,2902.5
183,2024-11-19,South,116,Andrea Johnson,Appliances,Washing Machines,390,3,15,4,No,994.5
184,2024-09-17,East,107,Daniel Torres,Appliances,Sofas,205,2,15,2,No,348.5
185,2024-11-21,North,113,Bryan Fisher,Clothing,Smartphones,265,2,25,9,No,397.5
186,2024-12-05,North,110,Jessica Haynes,Furniture,Sofas,656,3,10,1,No,1771.2
187,2024-09-13,South,107,Katie Gray,Furniture,Smartphones,287,2,20,4,No,459.2
188,2024-04-22,East,114,Holly Bolton,Electronics,Laptops,662,4,0,1,No,2648
189,2024-12-04,East,105,Charles Montes,Appliances,Tables,256,2,5,6,No,486.4
190,2024-02-16,South,103,Terry Cox,Furniture,Smartphones,549,9,15,4,No,4199.85
191,2024-03-28,East,111,Michelle Poole,Clothing,Sofas,571,2,5,5,No,1084.9
192,2024-12-21,East,111,Heather Mercer,Clothing,Washing Machines,40,9,0,5,No,360
193,2024-02-27,North,118,Robert Ramirez,Appliances,Smartphones,930,6,5,9,No,5301
194,2024-12-13,East,115,Billy King,Clothing,Tables,756,1,0,1,No,756
195,2024-01-22,East,112,Kendra Patel,Clothing,Smartphones,886,4,25,2,No,2658
196,2024-06-24,South,109,James Black,Appliances,T-Shirts,813,1,10,6,No,731.7
197,2024-12-18,South,110,Tina Mills,Furniture,Washing Machines,539,6,15,5,No,2748.9
198,2024-01-22,West,112,Christina Roberts,Furniture,Tables,119,4,0,7,No,476
199,2024-03-30,North,117,Ricardo Cox,Clothing,Tables,771,3,5,3,No,2197.35
200,2024-02-19,East,106,Samantha Haley,Clothing,Laptops,497,3,15,3,No,1267.35
201,2024-09-16,East,107,Sara Adams,Furniture,Sofas,618,9,10,10,Yes,5005.8
202,2024-10-03,West,114,Kelsey Smith,Appliances,Laptops,317,6,25,2,No,1426.5
203,2024-09-02,East,113,William Anderson MD,Clothing,Tables,959,9,15,3,No,7336.35
204,2024-03-03,North,108,Paige Castro,Electronics,Washing Machines,545,5,0,10,No,2725
205,2023-12-31,West,110,Jaime Preston,Appliances,Smartphones,353,2,10,1,No,635.4
206,2024-09-17,North,109,David Garcia,Clothing,Smartphones,21,8,5,5,No,159.6
207,2024-03-05,West,118,Mr. Kevin Garcia DVM,Clothing,Washing Machines,394,5,10,5,Yes,1773
208,2024-06-21,West,102,Ryan Brown,Electronics,Tables,312,2,10,7,No,561.6
209,2024-01-16,South,105,Micheal Moore,Electronics,Smartphones,856,4,20,4,Yes,2739.2
210,2024-10-18,North,105,Jessica Yang,Furniture,Smartphones,953,9,10,3,No,7719.3
211,2024-02-15,East,106,Erik Gibson,Appliances,Smartphones,572,4,10,1,No,2059.2
212,2024-07-26,East,119,Michelle Suarez,Appliances,Sofas,337,4,15,8,No,1145.8
213,2024-02-21,North,108,Ronald Olsen,Furniture,Sofas,521,2,5,3,No,989.9
214,2024-05-02,East,116,Karen Medina,Appliances,T-Shirts,847,6,15,2,No,4319.7
215,2024-09-09,East,113,Rose Tapia,Appliances,Laptops,400,2,15,4,No,680
216,2024-01-05,North,101,Matthew Anderson,Appliances,Washing Machines,642,7,0,3,Yes,4494
217,2024-07-14,West,117,Michael Johnson,Appliances,Washing Machines,33,3,15,1,No,84.15
218,2024-01-16,North,107,Michael Pham,Appliances,Washing Machines,523,3,20,3,No,1255.2
219,2024-10-10,West,113,Theresa Bradley,Electronics,T-Shirts,250,5,20,2,No,1000
220,2024-03-10,East,104,Paul Bowman,Appliances,Sofas,103,3,0,8,No,309
221,2024-05-31,East,104,Kathleen Welch,Electronics,Tables,149,2,25,6,No,223.5
222,2024-11-12,East,106,Alexander Sutton,Appliances,Tables,762,9,5,9,No,6515.1
223,2024-04-10,South,119,Heather Williams,Furniture,T-Shirts,857,2,5,8,Yes,1628.3
224,2024-06-10,West,112,Heather Frank,Clothing,Tables,164,2,15,10,No,278.8
225,2024-02-16,South,107,Michael Bell,Electronics,Washing Machines,910,8,15,3,No,6188
226,2024-11-29,South,110,Jennifer Smith,Appliances,Laptops,876,9,25,5,No,5913
227,2024-11-10,North,119,Madeline Zuniga,Furniture,Smartphones,47,7,15,7,No,279.65
228,2024-02-08,South,107,Lynn Wilson,Clothing,Sofas,85,3,5,5,Yes,242.25
229,2024-11-05,North,103,Anna Edwards,Electronics,Sofas,182,9,10,8,No,1474.2
230,2024-04-04,North,113,Michael Best,Clothing,T-Shirts,248,3,20,5,No,595.2
231,2024-05-07,South,113,Debbie Pearson,Furniture,Sofas,280,5,10,1,Yes,1260
232,2024-08-08,West,118,Rachel Clay,Electronics,Washing Machines,468,9,10,5,No,3790.8
233,2024-10-14,West,108,James Ball,Clothing,Tables,443,3,5,4,No,1262.55
234,2024-06-16,West,109,Sydney Lawson,Appliances,Washing Machines,479,7,10,6,No,3017.7
235,2024-06-21,West,107,James Coleman,Electronics,T-Shirts,971,1,25,3,No,728.25
236,2024-03-31,West,101,David Stevens,Clothing,Washing Machines,695,4,0,5,No,2780
237,2024-12-09,South,103,Patricia Long,Furniture,Tables,320,4,15,2,No,1088
238,2024-11-15,South,113,Andrew Tran,Furniture,Laptops,938,7,0,6,No,6566
239,2024-07-13,East,117,Paul Shelton,Electronics,T-Shirts,322,8,20,6,No,2060.8
240,2024-02-14,West,101,Timothy Foster,Clothing,Laptops,306,1,15,5,No,260.1
241,2024-12-06,South,106,Jennifer Anderson,Electronics,Smartphones,414,5,10,6,No,1863
242,2024-08-19,East,106,Nicholas Morgan,Electronics,Laptops,29,7,20,7,No,162.4
243,2024-09-03,West,112,Lisa Lopez,Clothing,Smartphones,726,4,15,5,No,2468.4
244,2024-01-10,North,113,Patricia Marquez,Clothing,Smartphones,649,4,25,1,No,1947
245,2023-12-29,East,113,Vanessa Kim,Appliances,Laptops,289,4,25,8,No,867
246,2024-07-08,South,115,Elizabeth Fields,Clothing,T-Shirts,611,6,25,4,No,2749.5
247,2024-01-02,North,116,Jose Rodriguez,Furniture,Tables,989,7,25,9,No,5192.25
248,2024-09-17,North,111,Lisa Harrison,Electronics,Washing Machines,624,2,10,10,No,1123.2
249,2023-12-25,North,105,Jessica Willis,Electronics,Washing Machines,797,5,0,6,No,3985
250,2024-10-14,East,104,Dr. Ruben Davis,Furniture,Tables,863,4,15,1,No,2934.2
251,2024-05-28,South,103,Pamela Baker,Clothing,Smartphones,881,3,10,3,No,2378.7
252,2024-09-18,North,119,Wendy Barajas,Furniture,Smartphones,380,7,25,3,No,1995
253,2024-12-05,West,118,Justin Kline,Furniture,T-Shirts,276,6,0,10,No,1656
254,2024-12-17,North,115,Nicole Deleon,Appliances,Sofas,152,7,20,4,Yes,851.2
255,2024-06-07,North,109,David Stark,Furniture,Laptops,295,5,20,6,No,1180
256,2024-10-22,East,117,Courtney Curtis,Electronics,Smartphones,795,6,20,7,No,3816
257,2024-12-10,East,114,Jacqueline Richard,Furniture,Washing Machines,702,5,25,10,No,2632.5
258,2024-11-14,South,115,Amber Ochoa,Electronics,T-Shirts,991,7,20,4,No,5549.6
259,2024-03-02,West,101,Briana Jones,Electronics,Laptops,532,2,5,6,No,1010.8
260,2024-07-20,East,103,Mackenzie Ford,Electronics,T-Shirts,332,5,15,1,No,1411
261,2024-03-16,North,116,Brandon Delacruz,Clothing,Laptops,595,6,15,8,No,3034.5
262,2024-06-22,South,111,Jeffery Lara,Appliances,Laptops,905,6,25,7,No,4072.5
263,2024-12-17,North,112,Bradley Davidson,Electronics,Tables,999,5,5,9,No,4745.25
264,2024-12-14,North,110,Sara Johnson,Electronics,Smartphones,303,7,10,3,No,1908.9
265,2024-12-03,East,116,Vickie Luna,Clothing,T-Shirts,140,8,10,2,No,1008
266,2024-01-18,South,108,Julia Caldwell,Electronics,T-Shirts,126,7,20,1,No,705.6
267,2024-10-05,West,106,Gregory Randolph,Furniture,Tables,952,5,0,3,No,4760
268,2024-02-24,West,112,Wayne Wolfe,Furniture,Washing Machines,706,1,10,5,No,635.4
269,2024-04-16,East,108,Melissa Sharp,Appliances,Washing Machines,223,5,0,2,No,1115
270,2024-06-29,East,104,Cheryl Fuller,Electronics,Smartphones,184,2,15,3,No,312.8
271,2024-07-06,South,108,Cynthia Leonard,Clothing,Smartphones,324,5,0,4,No,1620
272,2024-11-11,West,118,Andrea Olson,Furniture,Sofas,516,5,15,7,Yes,2193
273,2024-02-11,West,105,Michael Roberson,Clothing,Tables,651,2,5,3,No,1236.9
274,2024-12-19,West,109,George Griffin,Clothing,Washing Machines,575,5,5,9,No,2731.25
275,2024-12-03,North,104,Linda Ryan,Furniture,Laptops,843,4,25,8,No,2529
276,2024-02-18,West,117,Timothy Robertson,Clothing,T-Shirts,175,1,25,4,No,131.25
277,2024-01-27,North,109,Janice Vargas,Furniture,Smartphones,386,3,20,1,No,926.4
278,2024-03-28,South,101,Christopher Arellano,Clothing,T-Shirts,738,1,10,1,Yes,664.2
279,2024-06-25,North,113,Courtney Madden,Furniture,T-Shirts,921,5,20,1,Yes,3684
280,2024-08-02,South,116,Charlene Baldwin,Electronics,Sofas,639,4,15,1,No,2172.6
281,2024-12-19,West,113,Nicholas Thompson,Appliances,Washing Machines,270,7,20,8,No,1512
282,2024-08-21,West,114,Rachel Leon,Furniture,Smartphones,976,5,0,3,No,4880
283,2024-06-04,South,103,Tara Edwards,Furniture,T-Shirts,935,4,15,6,No,3179
284,2024-05-31,East,106,Amanda Jackson,Appliances,Smartphones,901,2,25,3,No,1351.5
285,2024-09-11,South,118,Michael Wang,Furniture,Laptops,353,4,5,5,No,1341.4
286,2024-08-17,East,119,Ethan Taylor,Furniture,Sofas,661,2,25,7,No,991.5
287,2024-12-22,North,105,Katrina Howell,Clothing,Laptops,988,8,10,2,No,7113.6
288,2024-12-13,North,115,Lisa Sellers,Appliances,Smartphones,530,3,15,6,No,1351.5
289,2024-06-28,North,102,Jacob Williams,Electronics,Smartphones,312,9,15,6,No,2386.8
290,2024-01-07,West,110,Harold Guerrero,Furniture,Washing Machines,39,4,0,3,No,156
291,2024-05-15,North,118,Savannah Chen,Appliances,T-Shirts,301,6,10,6,No,1625.4
292,2024-09-14,East,113,Cynthia Smith,Clothing,T-Shirts,816,5,5,10,No,3876
293,2023-12-23,North,105,Margaret Arnold,Electronics,Laptops,20,1,15,10,No,17
294,2024-12-17,South,101,Anthony Powell,Appliances,Sofas,138,9,15,5,Yes,1055.7
295,2024-11-10,South,101,Rodney Franklin,Electronics,Tables,54,1,0,2,No,54
296,2024-07-28,West,118,Terri Walker,Electronics,T-Shirts,217,8,20,9,No,1388.8
297,2024-03-30,South,115,Natasha Banks,Electronics,Washing Machines,504,9,5,8,No,4309.2
298,2024-10-10,East,117,Travis Reed,Furniture,Laptops,776,9,25,3,No,5238
299,2024-03-29,North,111,Kimberly Reynolds,Furniture,Laptops,78,1,10,8,No,70.2
300,2024-10-08,West,117,April Flores,Clothing,Tables,856,2,15,9,Yes,1455.2
301,2024-02-16,North,113,Jesse Hancock,Clothing,Washing Machines,180,1,15,3,No,153
302,2024-08-05,North,101,Peter Wang,Appliances,Sofas,710,2,25,3,No,1065
303,2024-11-27,East,102,Robert Smith,Clothing,Washing Machines,225,8,5,2,No,1710
304,2024-10-11,South,109,Jeffrey Thomas,Electronics,Sofas,31,5,20,8,No,124
305,2024-03-24,South,103,Lee Stevenson,Electronics,Washing Machines,509,7,15,10,No,3028.55
306,2024-07-06,North,101,Laura Livingston,Furniture,Washing Machines,295,2,5,1,No,560.5
307,2024-01-20,West,116,Laura Mills,Electronics,Smartphones,712,8,25,8,No,4272
308,2024-09-25,South,106,Dawn Clayton,Appliances,Laptops,261,6,0,7,No,1566
309,2024-09-04,West,117,Molly Blanchard,Electronics,Washing Machines,235,8,20,7,No,1504
310,2024-12-16,South,105,Ashley Rogers,Electronics,Tables,270,1,10,3,No,243
311,2024-05-03,West,105,Nicole Baker,Appliances,Washing Machines,830,1,15,1,No,705.5
312,2024-05-20,East,106,Angel Wise,Clothing,T-Shirts,145,7,5,4,No,964.25
313,2024-08-26,West,103,Emily Jones,Clothing,Laptops,236,8,0,9,No,1888
314,2024-05-13,East,105,Johnny Madden,Appliances,T-Shirts,325,3,10,5,No,877.5
315,2024-12-12,East,105,Rodney Lee,Furniture,Laptops,816,5,5,1,No,3876
316,2024-03-01,West,110,David Matthews,Electronics,T-Shirts,204,1,5,5,No,193.8
317,2024-12-17,East,110,Michael Patel,Appliances,Washing Machines,58,7,10,8,No,365.4
318,2024-04-02,North,119,Steven White,Electronics,Washing Machines,242,5,0,8,No,1210
319,2024-03-25,East,117,Abigail Mosley,Furniture,Smartphones,203,8,25,5,No,1218
320,2024-05-22,South,114,Kevin Higgins,Electronics,Tables,514,8,0,9,No,4112
321,2024-10-23,West,109,Emma Brewer,Appliances,T-Shirts,446,9,20,1,Yes,3211.2
322,2024-04-17,North,114,Frank Jordan,Electronics,Sofas,197,7,15,4,No,1172.15
323,2024-01-02,West,101,Maureen Bradley,Clothing,Smartphones,938,1,10,3,No,844.2
324,2024-08-26,South,119,Thomas Collins,Furniture,T-Shirts,447,3,25,2,No,1005.75
325,2024-11-20,South,113,Donald Stephens,Furniture,T-Shirts,313,8,10,8,No,2253.6
326,2024-08-14,South,113,Amber Anderson,Furniture,Smartphones,871,3,10,7,No,2351.7
327,2024-09-15,East,104,Brooke Barnes,Appliances,Washing Machines,170,8,0,9,No,1360
328,2024-10-12,East,101,Rachel Lewis,Furniture,T-Shirts,403,1,15,2,No,342.55
329,2024-08-11,West,117,Bonnie Larson,Clothing,Washing Machines,657,5,20,4,No,2628
330,2024-08-30,West,108,Madeline Wong,Appliances,Smartphones,832,4,5,6,Yes,3161.6
331,2023-12-27,North,102,Stacy Potter,Clothing,Washing Machines,327,5,5,3,No,1553.25
332,2024-04-10,North,108,Sandra Moore,Electronics,Laptops,355,8,10,8,No,2556
333,2024-09-13,West,107,Rodney Cobb,Electronics,Sofas,965,4,15,3,No,3281
334,2024-04-08,East,102,Taylor Rogers,Electronics,T-Shirts,765,4,25,2,No,2295
335,2024-08-24,South,103,Danielle Anderson,Electronics,Tables,911,3,0,3,No,2733
336,2024-01-22,West,118,Jessica Curry,Clothing,Sofas,394,7,15,6,No,2344.3
337,2024-10-31,North,112,Breanna Newton,Appliances,Washing Machines,27,3,15,2,No,68.85
338,2024-06-16,East,101,William Mckenzie,Appliances,T-Shirts,360,3,0,8,No,1080
339,2024-08-22,West,112,Megan Perkins,Furniture,Washing Machines,148,5,10,1,No,666
340,2024-12-03,West,105,James Taylor,Clothing,Laptops,795,5,15,7,Yes,3378.75
341,2024-01-29,East,117,Kenneth Stewart,Electronics,Smartphones,688,6,5,2,No,3921.6
342,2024-05-26,West,116,Nancy Lynn,Clothing,T-Shirts,371,8,0,10,No,2968
343,2024-09-09,East,115,Jennifer Bennett,Furniture,Laptops,377,6,25,6,Yes,1696.5
344,2024-02-14,South,115,Carol Campos,Furniture,Laptops,536,1,20,2,No,428.8
345,2024-08-18,East,105,Melissa Collins,Clothing,T-Shirts,514,8,10,2,No,3700.8
346,2024-09-26,East,114,Lauren Wright,Clothing,Washing Machines,105,8,0,10,No,840
347,2024-04-29,East,102,Kyle Allen,Clothing,Tables,194,9,20,8,No,1396.8
348,2024-05-27,West,111,Jennifer James,Appliances,Laptops,821,9,20,2,No,5911.2
349,2023-12-24,West,119,Connie Horne,Electronics,Sofas,212,2,25,7,No,318
350,2024-12-02,East,107,Gina Dorsey,Clothing,Laptops,330,2,15,3,No,561
351,2024-02-17,West,106,Jason Ruiz,Clothing,Tables,138,3,25,8,No,310.5
352,2024-01-03,North,102,Samantha Landry,Clothing,Washing Machines,237,1,15,7,No,201.45
353,2024-01-24,North,106,Brandon Wagner,Furniture,Washing Machines,446,4,15,8,No,1516.4
354,2024-03-25,West,118,Sara Hill,Furniture,Sofas,989,4,0,7,No,3956
355,2024-02-15,West,102,Monica Christian,Appliances,Laptops,433,9,0,6,No,3897
356,2024-10-21,East,118,Maxwell Acevedo,Electronics,Washing Machines,133,9,10,7,No,1077.3
357,2024-11-15,South,115,Brad Coleman,Appliances,Tables,997,9,15,5,Yes,7627.05
358,2024-01-25,West,119,Kimberly Beck,Electronics,T-Shirts,164,7,20,7,No,918.4
359,2024-06-05,North,102,Nancy Moreno,Furniture,Smartphones,557,2,5,1,No,1058.3
360,2024-06-03,East,106,Chelsea Howard,Furniture,Smartphones,667,5,10,1,No,3001.5
361,2024-11-01,West,101,Gregory Humphrey,Furniture,Smartphones,322,4,0,9,No,1288
362,2024-09-04,North,115,Jessica Dixon,Appliances,Laptops,763,8,25,5,No,4578
363,2024-08-30,North,110,Michael Patterson,Clothing,Sofas,900,2,10,5,No,1620
364,2024-12-08,South,119,Justin Jackson,Clothing,Washing Machines,607,6,10,3,No,3277.8
365,2024-09-04,East,117,David Ross,Furniture,T-Shirts,859,5,10,5,No,3865.5
366,2024-05-07,East,105,Audrey Miller,Clothing,Tables,364,2,10,3,No,655.2
367,2024-12-12,South,104,Jack Gonzales,Clothing,T-Shirts,833,1,5,9,No,791.35
368,2024-05-02,South,110,Daniel Reyes,Appliances,Tables,983,8,25,9,Yes,5898
369,2024-08-08,East,117,Kelly Mccoy,Electronics,Laptops,820,2,25,6,No,1230
370,2024-03-20,East,110,Douglas Williams,Furniture,Smartphones,20,7,25,1,No,105
371,2024-02-09,West,117,Melissa Murphy,Furniture,Laptops,166,9,15,7,No,1269.9
372,2024-09-19,West,105,Kristen Villarreal,Appliances,Sofas,306,9,20,7,No,2203.2
373,2024-07-19,South,102,Caroline Spencer,Appliances,Sofas,995,8,25,10,No,5970
374,2024-10-23,West,106,Courtney Mcgee,Clothing,Tables,673,9,10,10,No,5451.3
375,2024-10-21,North,102,Richard Becker,Furniture,Washing Machines,72,2,10,4,No,129.6
376,2024-03-23,West,113,Sara Alvarez,Electronics,Washing Machines,323,6,25,8,No,1453.5
377,2024-10-10,West,111,Samantha Robinson,Appliances,Tables,88,4,25,6,No,264
378,2024-05-13,North,111,Robert Avila,Electronics,Sofas,380,4,10,4,No,1368
379,2024-12-17,South,116,Cory Miller,Electronics,Sofas,621,5,15,4,Yes,2639.25
380,2024-07-16,North,111,Stacey Collier,Furniture,Sofas,977,3,0,2,No,2931
381,2023-12-29,West,119,Jamie Thornton,Furniture,Laptops,239,1,0,2,No,239
382,2024-09-27,South,115,Jeremy Ball,Appliances,Sofas,981,8,25,4,No,5886
383,2024-02-18,West,116,Jill Bennett,Furniture,T-Shirts,723,5,5,5,Yes,3434.25
384,2024-12-22,North,111,Dana Terry,Furniture,Smartphones,985,3,25,8,No,2216.25
385,2024-08-23,North,116,Joshua Gomez,Furniture,Sofas,594,7,25,6,No,3118.5
386,2024-07-21,West,108,Lisa Taylor,Electronics,Tables,604,7,0,4,No,4228
387,2024-07-10,East,104,Nicole Conley,Appliances,Smartphones,180,1,10,7,No,162
388,2024-03-28,East,108,Michelle Payne,Clothing,Laptops,700,9,25,8,No,4725
389,2024-05-01,North,104,Brandon Owens,Electronics,Tables,108,2,10,2,No,194.4
390,2024-05-30,North,103,Ryan Vega,Furniture,Smartphones,707,5,10,7,No,3181.5
391,2024-10-10,East,103,Yvonne Warren,Electronics,Tables,800,5,5,2,No,3800
392,2024-02-11,East,118,Jesse Graham,Furniture,Laptops,604,8,10,2,No,4348.8
393,2024-09-28,West,119,Tiffany Evans,Furniture,T-Shirts,776,8,0,8,No,6208
394,2024-08-31,West,119,Eric Miller,Electronics,Laptops,608,7,15,2,Yes,3617.6
395,2024-10-09,East,105,Cory Goodwin,Appliances,Laptops,178,7,15,9,No,1059.1
396,2024-12-16,West,118,Phillip Sawyer,Furniture,Tables,508,6,20,1,No,2438.4
397,2024-04-06,West,110,Seth Bennett,Appliances,Washing Machines,990,6,25,9,No,4455
398,2024-11-30,South,106,Stephanie Delgado,Clothing,Sofas,343,9,0,1,No,3087
399,2024-07-25,West,101,Susan Campbell,Furniture,Sofas,629,6,10,10,No,3396.6
400,2024-10-09,North,105,Miss Julie Gutierrez,Appliances,T-Shirts,400,2,15,10,No,680
401,2024-01-27,West,109,Shawn Walker,Appliances,T-Shirts,121,2,0,2,Yes,242
402,2024-06-19,West,112,Michael Mooney,Clothing,Sofas,513,5,15,6,No,2180.25
403,2024-04-23,East,114,Robert Becker,Appliances,Washing Machines,663,4,10,6,No,2386.8
404,2024-09-25,North,102,Kimberly Grant,Appliances,Sofas,633,2,15,1,No,1076.1
405,2024-06-01,West,117,Grace Medina,Clothing,Washing Machines,38,3,25,7,Yes,85.5
406,2024-05-20,West,114,Julie Carter DVM,Furniture,T-Shirts,473,7,25,8,No,2483.25
407,2024-05-06,South,113,Linda Brewer,Appliances,Smartphones,501,8,20,2,No,3206.4
408,2024-07-23,West,109,Jennifer Vasquez,Appliances,Tables,613,6,20,8,No,2942.4
409,2024-11-02,West,115,Ralph Russell,Appliances,T-Shirts,416,5,15,9,No,1768
410,2024-09-11,South,115,Cody Rodriguez,Electronics,T-Shirts,298,1,0,6,No,298
411,2024-10-04,East,111,Erica Johnson,Clothing,Laptops,870,8,25,5,No,5220
412,2024-10-01,West,116,Julia Jensen MD,Electronics,Laptops,384,3,0,9,No,1152
413,2024-03-27,South,117,Elaine Martin,Clothing,Laptops,350,6,0,9,No,2100
414,2024-04-06,North,104,Brittany Santana,Furniture,Tables,660,3,15,1,No,1683
415,2024-11-20,East,101,Carrie Hatfield,Furniture,Laptops,363,7,0,3,No,2541
416,2024-08-30,North,108,Kenneth Gomez,Appliances,Washing Machines,841,7,25,9,No,4415.25
417,2024-11-08,North,117,Melanie Norman,Clothing,Sofas,474,9,10,2,No,3839.4
418,2024-09-25,South,103,James Marshall,Furniture,Smartphones,620,5,20,4,No,2480
419,2024-07-21,West,115,Grant Fletcher,Clothing,T-Shirts,744,8,10,4,No,5356.8
420,2024-06-05,South,115,Paul Williams,Furniture,Washing Machines,674,8,0,2,No,5392
421,2024-08-05,South,114,Michelle Keller,Electronics,Smartphones,84,1,10,3,Yes,75.6
422,2024-06-06,South,114,David Horton,Furniture,Washing Machines,95,5,25,3,No,356.25
423,2024-05-07,South,102,Alexis Davis,Electronics,Washing Machines,730,3,25,1,No,1642.5
424,2024-08-15,East,113,Shannon Bentley,Furniture,T-Shirts,162,1,0,6,No,162
425,2023-12-25,West,114,Bryan Woodward,Appliances,Sofas,936,4,15,8,No,3182.4
426,2024-01-01,North,119,Michael Olson,Electronics,Laptops,934,8,10,3,No,6724.8
427,2024-07-08,North,107,Kevin Harrison,Furniture,Tables,847,3,15,5,No,2159.85
428,2024-05-12,West,103,Heather Schaefer,Appliances,Sofas,624,2,15,1,No,1060.8
429,2024-11-11,North,115,Danielle Dunn MD,Electronics,Tables,492,9,5,10,No,4206.6
430,2024-10-24,West,114,David Webb,Appliances,T-Shirts,436,5,0,7,No,2180
431,2023-12-30,North,111,Jennifer Leon,Clothing,T-Shirts,324,7,20,10,No,1814.4
432,2024-11-16,South,115,Holly Dudley,Clothing,T-Shirts,755,2,25,1,No,1132.5
433,2024-04-28,North,113,Morgan Gonzalez,Electronics,Smartphones,516,9,25,9,No,3483
434,2024-01-30,West,118,Jeffrey Patel,Furniture,Tables,310,9,0,8,No,2790
435,2024-11-20,West,106,Stacey Deleon,Electronics,Sofas,959,4,20,7,Yes,3068.8
436,2024-10-20,West,103,Nicholas Davis,Appliances,Sofas,121,4,25,10,No,363
437,2024-11-30,West,119,Melanie Anderson,Furniture,Washing Machines,286,6,0,7,Yes,1716
438,2024-10-24,West,115,Madison Haney,Clothing,Washing Machines,886,6,25,5,No,3987
439,2024-09-19,East,105,Kimberly Mclean,Furniture,Washing Machines,987,1,15,5,Yes,838.95
440,2024-03-27,East,110,Donald Perry,Clothing,T-Shirts,641,9,10,5,Yes,5192.1
441,2024-12-19,North,107,Clifford Mitchell,Furniture,Sofas,993,2,10,1,No,1787.4
442,2024-07-27,West,117,Mary Rodriguez,Furniture,Tables,861,5,25,8,No,3228.75
443,2024-10-13,North,107,Andrew Booker,Furniture,T-Shirts,981,9,5,1,No,8387.55
444,2024-05-09,West,112,Ryan Carroll,Appliances,Smartphones,961,4,20,4,No,3075.2
445,2024-05-30,West,117,Melissa Roberts,Appliances,Washing Machines,796,3,20,9,No,1910.4
446,2024-11-10,East,113,Jack Friedman,Electronics,T-Shirts,22,7,20,9,No,123.2
447,2023-12-28,East,104,Jasmine Mathis,Electronics,T-Shirts,104,6,15,5,No,530.4
448,2024-02-17,South,110,Brittany Watkins,Clothing,Smartphones,813,8,20,4,No,5203.2
449,2024-10-22,East,103,Rachel Huff,Appliances,Laptops,347,3,10,3,No,936.9
450,2024-04-29,South,109,James Mitchell,Clothing,Sofas,835,5,15,3,No,3548.75
451,2024-09-22,South,113,Angelica Strickland,Electronics,Tables,469,4,0,5,No,1876
452,2024-09-19,South,118,Derrick Robertson,Clothing,Laptops,473,4,20,10,No,1513.6
453,2024-08-05,South,115,John Lee,Electronics,Washing Machines,943,4,20,1,No,3017.6
454,2024-08-15,South,104,James Alvarez,Appliances,T-Shirts,648,8,0,5,No,5184
455,2024-09-03,North,115,Amanda Thomas,Furniture,Smartphones,240,6,20,6,No,1152
456,2024-03-23,East,102,Louis Perkins,Appliances,Smartphones,173,3,0,7,No,519
457,2024-04-29,South,115,Miranda Woodard,Clothing,Sofas,684,5,15,9,No,2907
458,2024-08-04,West,108,Brittany Hill,Clothing,Laptops,31,6,10,3,No,167.4
459,2023-12-23,East,108,Taylor Hernandez,Appliances,Sofas,152,5,0,2,No,760
460,2024-03-19,East,117,Doris Ellis,Appliances,T-Shirts,323,6,5,3,No,1841.1
461,2024-07-21,South,112,Matthew Lewis,Electronics,Sofas,312,8,0,9,No,2496
462,2024-10-04,North,119,James Hawkins,Clothing,Tables,994,7,20,7,No,5566.4
463,2024-07-23,South,110,Crystal Hall,Clothing,Smartphones,319,5,15,9,No,1355.75
464,2024-04-15,North,109,Sandra Mendoza,Appliances,Smartphones,759,6,25,2,No,3415.5
465,2024-04-26,West,105,Nichole Weber,Furniture,Washing Machines,802,4,15,5,No,2726.8
466,2024-02-22,East,106,Breanna Thompson,Clothing,Washing Machines,62,9,25,4,No,418.5
467,2024-03-26,West,102,Rose Moore,Furniture,T-Shirts,963,4,0,2,Yes,3852
468,2024-05-26,North,113,Jesus Powell,Appliances,Tables,362,1,10,9,No,325.8
469,2024-03-28,North,106,Jay Reed,Appliances,Laptops,345,7,5,9,No,2294.25
470,2023-12-26,West,105,Angie Murphy,Electronics,Sofas,833,7,15,6,No,4956.35
471,2024-03-07,North,101,Dale Baker,Clothing,T-Shirts,517,4,20,6,No,1654.4
472,2024-09-30,West,106,Erin Johnson,Furniture,Washing Machines,383,3,25,8,No,861.75
473,2024-01-27,East,106,Joshua Greer,Electronics,Sofas,910,8,20,6,No,5824
474,2024-07-02,West,116,Jessica Terry,Clothing,Washing Machines,446,5,10,1,No,2007
475,2024-07-13,East,104,Gabriel Price,Electronics,Sofas,40,7,25,4,No,210
476,2024-01-18,West,111,April Mcdaniel,Appliances,Laptops,426,4,15,7,No,1448.4
477,2024-09-11,North,109,Shawna Silva,Clothing,T-Shirts,638,4,0,2,No,2552
478,2024-07-02,West,103,Tina Harris,Electronics,Sofas,355,8,20,9,No,2272
479,2024-11-18,North,119,Benjamin Brady,Electronics,Tables,834,8,10,8,No,6004.8
480,2024-05-12,West,108,Mr. Vernon Molina,Furniture,Smartphones,136,2,15,8,No,231.2
481,2024-06-27,West,105,Janet Marshall,Electronics,Tables,143,2,15,7,No,243.1
482,2024-02-17,South,104,Robert Fuentes,Clothing,Tables,418,3,15,4,No,1065.9
483,2024-05-13,North,106,Joseph Gray,Clothing,Smartphones,812,3,15,2,No,2070.6
484,2024-08-15,South,102,Christopher Massey,Furniture,Tables,823,1,25,3,No,617.25
485,2024-08-27,North,111,Cynthia Perez,Clothing,Sofas,734,3,15,6,Yes,1871.7
486,2024-08-13,South,104,Stanley Johnson,Appliances,Sofas,70,6,20,5,No,336
487,2024-10-23,East,115,Gregory Gregory,Clothing,Sofas,802,8,10,8,No,5774.4
488,2024-10-16,West,106,Scott Ortiz,Clothing,Smartphones,343,6,25,6,No,1543.5
489,2024-03-14,North,117,Brian Brown,Electronics,Tables,808,5,15,6,Yes,3434
490,2024-06-08,North,106,Diana Tanner,Electronics,Smartphones,160,4,5,1,No,608
491,2024-06-16,West,119,Scott Bishop,Clothing,Sofas,489,3,5,4,No,1393.65
492,2024-02-22,North,102,Colleen Garcia,Furniture,Tables,806,4,10,5,No,2901.6
493,2024-07-01,North,115,Cindy Ware,Electronics,Tables,821,7,0,3,No,5747
494,2024-04-25,South,111,Carlos Hanna,Furniture,Washing Machines,353,1,0,9,No,353
495,2024-08-06,North,108,Kathleen Hernandez,Clothing,Washing Machines,912,7,25,1,No,4788
496,2024-10-30,East,119,Dana Henderson,Clothing,Laptops,983,1,25,6,No,737.25
497,2024-10-28,East,113,Amanda Lane,Appliances,T-Shirts,392,2,25,6,No,588
498,2024-07-20,West,112,Ronald Hernandez,Electronics,Washing Machines,583,4,0,10,No,2332
499,2024-02-12,North,105,Patrick Garcia,Clothing,Smartphones,513,1,5,5,No,487.35
500,2024-05-05,West,106,Jonathan Knapp,Appliances,Washing Machines,558,9,0,5,No,5022